
[
        {
     
          "name": "Teeth Orthodontics",
          "slots": [
            "08.00 AM - 08.30 AM",
            "08.30 AM - 09.00 AM",
            "09.00 AM - 9.30 AM",
            "09.30 AM - 10.00 AM",
            "10.00 AM - 10.30 AM",
            "10.30 AM - 11.00 AM",
            "11.00 AM - 11.30 AM",
            "11.30 AM - 12.00 AM",
            "1.00 PM - 1.30 PM",
            "1.30 PM - 2.00 PM",
            "2.00 PM - 2.30 PM",
            "2.30 PM - 3.00 PM",
            "3.00 PM - 3.30 PM",
            "3.30 PM - 4.00 PM",
            "4.00 PM - 4.30 PM",
            "4.30 PM - 5.00 PM"
          ]
        },
        {
      
          "name": "Cosmetic Dentistry",
          "slots": [
            "08.00 AM - 08.30 AM",
            "08.30 AM - 09.00 AM",
            "09.00 AM - 9.30 AM",
            "09.30 AM - 10.00 AM",
            "10.00 AM - 10.30 AM",
            "10.30 AM - 11.00 AM",
            "11.00 AM - 11.30 AM",
            "11.30 AM - 12.00 AM",
            "1.00 PM - 1.30 PM",
            "1.30 PM - 2.00 PM",
            "2.00 PM - 2.30 PM",
            "2.30 PM - 3.00 PM",
            "3.00 PM - 3.30 PM",
            "3.30 PM - 4.00 PM",
            "4.00 PM - 4.30 PM",
            "4.30 PM - 5.00 PM"
          ]
        },
        {
        
          "name": "Teeth Cleaning",
          "slots": [
            "08.00 AM - 08.30 AM",
            "08.30 AM - 09.00 AM",
            "09.00 AM - 9.30 AM",
            "09.30 AM - 10.00 AM",
            "10.00 AM - 10.30 AM",
            "10.30 AM - 11.00 AM",
            "11.00 AM - 11.30 AM",
            "11.30 AM - 12.00 AM",
            "1.00 PM - 1.30 PM",
            "1.30 PM - 2.00 PM",
            "2.00 PM - 2.30 PM",
            "2.30 PM - 3.00 PM",
            "3.00 PM - 3.30 PM",
            "3.30 PM - 4.00 PM",
            "4.00 PM - 4.30 PM",
            "4.30 PM - 5.00 PM"
          ]
        },
        {
       
          "name": "Cavity Protection",
          "slots": [
            "08.00 AM - 08.30 AM",
            "08.30 AM - 09.00 AM",
            "09.00 AM - 9.30 AM",
            "09.30 AM - 10.00 AM",
            "10.00 AM - 10.30 AM",
            "10.30 AM - 11.00 AM",
            "11.00 AM - 11.30 AM",
            "11.30 AM - 12.00 AM",
            "1.00 PM - 1.30 PM",
            "1.30 PM - 2.00 PM",
            "2.00 PM - 2.30 PM",
            "2.30 PM - 3.00 PM"
           
          ]
        },
        {
      
          "name": "Pediatric Dental",
          "slots": [
            "3.00 PM - 3.30 PM",
            "3.30 PM - 4.00 PM",
            "4.00 PM - 4.30 PM",
            "4.30 PM - 5.00 PM"
          ]
        },
        {
         
          "name": "Oral Surgery",
          "slots": [
            "08.00 AM - 08.30 AM",
            "08.30 AM - 09.00 AM",
            "09.00 AM - 9.30 AM",
            "09.30 AM - 10.00 AM",
            "10.00 AM - 10.30 AM",
            "10.30 AM - 11.00 AM",
            "11.00 AM - 11.30 AM",
            "11.30 AM - 12.00 AM",
            "1.00 PM - 1.30 PM",
            "1.30 PM - 2.00 PM",
            "2.00 PM - 2.30 PM",
            "2.30 PM - 3.00 PM",
            "3.00 PM - 3.30 PM",
            "3.30 PM - 4.00 PM",
            "4.00 PM - 4.30 PM",
            "4.30 PM - 5.00 PM"
          ]
        }
      ]